{"validation loss": 1.3436582719578463, "train loss": 1.3409395449197115, "_timestamp": 1668445403.7524896, "_runtime": 4865.299904584885, "_step": 99, "_wandb": {"runtime": 4864}}