{"validation loss": 1.3924877503338982, "train loss": 1.3872991515629327, "_timestamp": 1668428985.3706589, "_runtime": 6112.24424290657, "_step": 99, "_wandb": {"runtime": 6111}}