{"validation loss": 1.3799632787704468, "train loss": 1.3749933740985927, "_timestamp": 1668522569.4032207, "_runtime": 5078.118970632553, "_step": 99, "_wandb": {"runtime": 5077}}