{"validation loss": 1.3023658710367538, "train loss": 1.2939933360512577, "_timestamp": 1668373005, "_runtime": 3304, "_step": 68}