{"validation loss": 1.3895828162922579, "train loss": 1.3864027066017264, "_timestamp": 1668474965.782956, "_runtime": 4648.265119791031, "_step": 99, "_wandb": {"runtime": 4647}}