{"validation loss": 1.396608310587266, "train loss": 1.3959788671180384, "_timestamp": 1668372685, "_runtime": 69, "_step": 0, "_wandb": {"runtime": 69}}