{"validation loss": 1.388784275335424, "train loss": 1.3874542357316657, "_timestamp": 1668434963.650877, "_runtime": 4776.372371912003, "_step": 99, "_wandb": {"runtime": 4775}}