{"validation loss": 1.3876258064718807, "train loss": 1.387213737217348, "_timestamp": 1668379807.8447225, "_runtime": 5396.946922540665, "_step": 99, "_wandb": {"runtime": 5396}}