{"validation loss": 1.3113517761230469, "train loss": 1.311741117221206, "_timestamp": 1668440241.3494663, "_runtime": 4881.516978263855, "_step": 99, "_wandb": {"runtime": 4880}}