{"validation loss": 1.4409332871437073, "train loss": 1.4409826535444994, "_timestamp": 1667892034, "_runtime": 2391, "_step": 39}