{"validation loss": 1.2988383489496567, "train loss": 1.2904803254711095, "_timestamp": 1668383825.0280297, "_runtime": 4562.42647767067, "_step": 99, "_wandb": {"runtime": 4561}}