{"validation loss": 1.3480872546925264, "train loss": 1.3445944430223151, "_timestamp": 1668450319.0463727, "_runtime": 4736.126523733139, "_step": 99, "_wandb": {"runtime": 4735}}