{"validation loss": 1.3921208101160385, "train loss": 1.3868338919397611, "_timestamp": 1668538769.6370585, "_runtime": 4548.427095413208, "_step": 99, "_wandb": {"runtime": 4547}}