{"validation loss": 1.3876605384490068, "train loss": 1.3872474983556946, "_timestamp": 1668399006.8936408, "_runtime": 4774.556380748749, "_step": 99, "_wandb": {"runtime": 4774}}