{"validation loss": 1.2918365422417135, "train loss": 1.289838822919931, "_timestamp": 1668379058.5022643, "_runtime": 4653.1894471645355, "_step": 99, "_wandb": {"runtime": 4652}}