{"validation loss": 1.3905421004575842, "train loss": 1.3864988871474764, "_timestamp": 1668395149.720432, "_runtime": 4868.7655420303345, "_step": 99, "_wandb": {"runtime": 4868}}