{"validation loss": 1.3878070466658647, "train loss": 1.3863066683954268, "_timestamp": 1668465287.2116756, "_runtime": 4770.668678760529, "_step": 99, "_wandb": {"runtime": 4770}}