{"validation loss": 1.3976608514785767, "train loss": 1.3960854259889517, "_timestamp": 1668373120, "_runtime": 60, "_step": 0, "_wandb": {"runtime": 59}}