{"validation loss": 1.2947778631659115, "train loss": 1.2929274768971686, "_timestamp": 1668494613.500913, "_runtime": 4736.678689956665, "_step": 99, "_wandb": {"runtime": 4734}}