{"validation loss": 1.3580348491668701, "train loss": 1.3667070407133837, "_timestamp": 1667889504, "_runtime": 2913, "_step": 49, "_wandb": {"runtime": 2911}}