{"validation loss": 1.423064905054429, "train loss": 1.3867428907707555, "_timestamp": 1668435334.7930083, "_runtime": 5918.946978330612, "_step": 99, "_wandb": {"runtime": 5918}}