{"validation loss": 1.390612987911, "train loss": 1.3864460792114486, "_timestamp": 1668480989.2067845, "_runtime": 5298.590170383453, "_step": 99, "_wandb": {"runtime": 5297}}