{"validation loss": 1.389108657836914, "train loss": 1.387285700484888, "_timestamp": 1668475493.442043, "_runtime": 5150.849012136459, "_step": 99, "_wandb": {"runtime": 5150}}