{"validation loss": 1.2956083241631002, "train loss": 1.2902186165994673, "_timestamp": 1668489706.652476, "_runtime": 4744.989477157593, "_step": 99, "_wandb": {"runtime": 4744}}