{"validation loss": 1.3876562609392054, "train loss": 1.3872387854020987, "_timestamp": 1668436130.4068553, "_runtime": 4886.99757027626, "_step": 99, "_wandb": {"runtime": 4886}}