{"validation loss": 1.2985048294067383, "train loss": 1.29018604399553, "_timestamp": 1668502150.420295, "_runtime": 6372.701276063919, "_step": 99, "_wandb": {"runtime": 6372}}