{"validation loss": 1.3445241591509651, "train loss": 1.3140167478305191, "_timestamp": 1668460335.0768757, "_runtime": 4873.50999879837, "_step": 99, "_wandb": {"runtime": 4872}}