{"validation loss": 1.28658829015844, "train loss": 1.2821689737376882, "_timestamp": 1668486797.9212258, "_runtime": 5608.144190788269, "_step": 99, "_wandb": {"runtime": 5607}}