{"validation loss": 1.4039358175717866, "train loss": 1.4042002320289613, "_timestamp": 1667841007, "_runtime": 1527, "_step": 30, "_wandb": {"runtime": 1524}}