{"validation loss": 1.294609967400046, "train loss": 1.292589908215537, "_timestamp": 1668508464.3768983, "_runtime": 6233.317314386368, "_step": 99, "_wandb": {"runtime": 6232}}