{"validation loss": 1.2908751754199757, "train loss": 1.2895018253753434, "_timestamp": 1668384157.4614208, "_runtime": 4782.537086725235, "_step": 99, "_wandb": {"runtime": 4781}}