{"validation loss": 1.5465219792197733, "train loss": 1.5987172998599153, "_timestamp": 1668422660.1210766, "_runtime": 5696.435195684433, "_step": 99, "_wandb": {"runtime": 5695}}