{"validation loss": 1.391604935421663, "train loss": 1.3870790253824263, "_timestamp": 1668447487.4297972, "_runtime": 5786.362753152847, "_step": 99, "_wandb": {"runtime": 5785}}