{"validation loss": 1.3141591408673454, "train loss": 1.3118369063334678, "_timestamp": 1668442784.639747, "_runtime": 5423.570996999741, "_step": 99, "_wandb": {"runtime": 5422}}