{"validation loss": 1.3934814563164344, "train loss": 1.3987376832962035, "_timestamp": 1667842734, "_runtime": 1542, "_step": 30, "_wandb": {"runtime": 1538}}