{"validation loss": 1.3926788708742928, "train loss": 1.3866570992256277, "_timestamp": 1668431070.9829817, "_runtime": 4824.127957582474, "_step": 99, "_wandb": {"runtime": 4823}}