{"validation loss": 1.3915983999476713, "train loss": 1.3866996569419974, "_timestamp": 1668393524.4372444, "_runtime": 4619.605682373047, "_step": 99, "_wandb": {"runtime": 4619}}