{"validation loss": 1.407035603242762, "train loss": 1.3595810648220688, "_timestamp": 1668462337.8802195, "_runtime": 5107.189966440201, "_step": 99, "_wandb": {"runtime": 5106}}