{"validation loss": 1.3761453838909374, "train loss": 1.3662194316066913, "_timestamp": 1668426051.9551961, "_runtime": 5299.393789052963, "_step": 99, "_wandb": {"runtime": 5298}}