{"validation loss": 1.3901721309213078, "train loss": 1.3864654267012184, "_timestamp": 1668403994.0620677, "_runtime": 4761.954373836517, "_step": 99, "_wandb": {"runtime": 4761}}