{"validation loss": 1.3966071044697481, "train loss": 1.3959788653387952, "_timestamp": 1668372396, "_runtime": 68, "_step": 0, "_wandb": {"runtime": 68}}