{"validation loss": 1.39823414998896, "train loss": 1.345172141914937, "_timestamp": 1668453560.5672624, "_runtime": 5076.554102420807, "_step": 99, "_wandb": {"runtime": 5075}}