{"validation loss": 1.390000399421243, "train loss": 1.3876500574510489, "_timestamp": 1668388674.3797479, "_runtime": 4686.275755882263, "_step": 99, "_wandb": {"runtime": 4685}}