{"validation loss": 1.3893733445335836, "train loss": 1.3863199095227825, "_timestamp": 1668414888.988818, "_runtime": 4806.081583976746, "_step": 99, "_wandb": {"runtime": 4805}}