{"validation loss": 1.3946100543527042, "train loss": 1.3868641372936874, "_timestamp": 1668404676.953353, "_runtime": 4791.443697929382, "_step": 99, "_wandb": {"runtime": 4790}}