{"validation loss": 1.4486458582036636, "train loss": 1.4304907410892087, "_timestamp": 1668373815, "_runtime": 58, "_step": 0, "_wandb": {"runtime": 57}}