{"validation loss": 1.2849909838508158, "train loss": 1.2822789060535715, "_timestamp": 1668479851.2143445, "_runtime": 4722.712149620056, "_step": 99, "_wandb": {"runtime": 4722}}