{"validation loss": 1.372023014461293, "train loss": 1.3757667577088768, "_timestamp": 1668419514.678923, "_runtime": 5149.168226003647, "_step": 99, "_wandb": {"runtime": 5148}}