{"validation loss": 1.3566880366381477, "train loss": 1.313784720292732, "_timestamp": 1668466772.089845, "_runtime": 6348.631209850311, "_step": 99, "_wandb": {"runtime": 6347}}