{"validation loss": 1.30011004560134, "train loss": 1.2904212385860843, "_timestamp": 1668371834, "_runtime": 4980, "_step": 99, "_wandb": {"runtime": 4980}}