{"validation loss": 1.3881506569245283, "train loss": 1.38781403783542, "_timestamp": 1668436940.4297237, "_runtime": 5190.667004823685, "_step": 99, "_wandb": {"runtime": 5190}}