{"validation loss": 1.3947733219932108, "train loss": 1.387520291912022, "_timestamp": 1668393859.5254395, "_runtime": 4550.549241542816, "_step": 99, "_wandb": {"runtime": 4549}}