{"validation loss": 1.3866907288046444, "train loss": 1.3832989806559548, "_timestamp": 1668394551.449971, "_runtime": 4896.825928926468, "_step": 99, "_wandb": {"runtime": 4896}}