{"validation loss": 1.2960159988964306, "train loss": 1.2913643797831749, "_timestamp": 1668494787.3460014, "_runtime": 2136.130330324173, "_step": 39, "_wandb": {"runtime": 2135}}