{"validation loss": 1.4085389095194198, "train loss": 1.3881441639430487, "_timestamp": 1668459919.1144018, "_runtime": 5805.113582849503, "_step": 99, "_wandb": {"runtime": 5804}}