{"validation loss": 1.2956559167188757, "train loss": 1.2897650910847223, "_timestamp": 1668385019.6236567, "_runtime": 4827.62961769104, "_step": 99, "_wandb": {"runtime": 4826}}