{"validation loss": 1.3514074427740914, "train loss": 1.3453960418701172, "_timestamp": 1667858316, "_runtime": 2891, "_step": 49, "_wandb": {"runtime": 2888}}