{"validation loss": 1.3943676668054916, "train loss": 1.3867288756726392, "_timestamp": 1668565225.449358, "_runtime": 5130.284661054611, "_step": 99, "_wandb": {"runtime": 5129}}