{"validation loss": 1.2950680816874784, "train loss": 1.2925267557599651, "_timestamp": 1668508800.8534136, "_runtime": 6409.906359672546, "_step": 99, "_wandb": {"runtime": 6408}}