{"validation loss": 1.3881906831965727, "train loss": 1.3877730120473832, "_timestamp": 1668533720.760077, "_runtime": 5259.509038925171, "_step": 99, "_wandb": {"runtime": 5258}}