{"validation loss": 1.448610495118534, "train loss": 1.430490746426938, "_timestamp": 1668373248, "_runtime": 57, "_step": 0, "_wandb": {"runtime": 56}}