{"validation loss": 1.3887164732989143, "train loss": 1.3866919047796904, "_timestamp": 1668507873.9336717, "_runtime": 4984.95009469986, "_step": 99, "_wandb": {"runtime": 4984}}