{"validation loss": 1.297390103340149, "train loss": 1.2922272415303473, "_timestamp": 1668373018, "_runtime": 3309, "_step": 58}