{"validation loss": 1.420038104057312, "train loss": 1.3889634242424598, "_timestamp": 1667852453, "_runtime": 452, "_step": 7, "_wandb": {"runtime": 506}}