{"validation loss": 1.3964243566288668, "train loss": 1.3217888518945495, "_timestamp": 1668457036.9295282, "_runtime": 5402.708100318909, "_step": 99, "_wandb": {"runtime": 5402}}