{"validation loss": 1.3881700599894804, "train loss": 1.3877993199362684, "_timestamp": 1668539246.2639942, "_runtime": 5295.804341316223, "_step": 99, "_wandb": {"runtime": 5294}}