{"validation loss": 1.3895384073257446, "train loss": 1.3871215030328552, "_timestamp": 1668534036.2251985, "_runtime": 4704.707553625107, "_step": 99, "_wandb": {"runtime": 4704}}