{"validation loss": 1.3804369253270767, "train loss": 1.3752495157184885, "_timestamp": 1668420561.8393228, "_runtime": 5441.027616739273, "_step": 99, "_wandb": {"runtime": 5440}}