{"validation loss": 1.3916390292784746, "train loss": 1.3864873594312526, "_timestamp": 1668517262.7209804, "_runtime": 5317.893804311752, "_step": 99, "_wandb": {"runtime": 5317}}