{"validation loss": 1.2962981813094194, "train loss": 1.2926842988427005, "_timestamp": 1668492453.15833, "_runtime": 5456.4917550086975, "_step": 99, "_wandb": {"runtime": 5452}}