{"validation loss": 1.3443642343793596, "train loss": 1.3468779563903808, "_timestamp": 1667855288, "_runtime": 2819, "_step": 49, "_wandb": {"runtime": 2817}}