{"validation loss": 1.3880194425582886, "train loss": 1.3880724573135377, "_timestamp": 1667891912, "_runtime": 2281, "_step": 39}