{"validation loss": 1.391203389448278, "train loss": 1.386613230207073, "_timestamp": 1668441201.2809834, "_runtime": 4842.985677480698, "_step": 99, "_wandb": {"runtime": 4842}}