{"validation loss": 1.5027113030938541, "train loss": 1.6163532947426411, "_timestamp": 1668416746.403035, "_runtime": 5652.822261810303, "_step": 99, "_wandb": {"runtime": 5651}}