{"validation loss": 1.3880560994148254, "train loss": 1.3879855504402747, "_timestamp": 1667858438, "_runtime": 2942, "_step": 49, "_wandb": {"runtime": 2940}}