{"validation loss": 1.3720661191379322, "train loss": 1.3699470918569991, "_timestamp": 1668424765.037521, "_runtime": 5057.71512389183, "_step": 99, "_wandb": {"runtime": 5056}}