{"validation loss": 1.389234739191392, "train loss": 1.3873162696610635, "_timestamp": 1668389982.1691086, "_runtime": 4792.532619714737, "_step": 99, "_wandb": {"runtime": 4791}}