{"validation loss": 1.389079542721019, "train loss": 1.3873076349941653, "_timestamp": 1668549676.4519236, "_runtime": 4789.661605596542, "_step": 99, "_wandb": {"runtime": 4789}}