{"validation loss": 1.3882130735060747, "train loss": 1.38779195386972, "_timestamp": 1668399678.2233815, "_runtime": 4939.270845413208, "_step": 99, "_wandb": {"runtime": 4938}}