{"validation loss": 1.408467776635114, "train loss": 1.3875470161437988, "_timestamp": 1668528955.5101957, "_runtime": 4924.875329732895, "_step": 99, "_wandb": {"runtime": 4924}}