{"validation loss": 1.3966889100916244, "train loss": 1.395475355546866, "_timestamp": 1668372829, "_runtime": 67, "_step": 0, "_wandb": {"runtime": 65}}