{"validation loss": 1.4315894211039824, "train loss": 1.3881211832388123, "_timestamp": 1668453573.8704822, "_runtime": 5823.906768321991, "_step": 99, "_wandb": {"runtime": 5823}}