{"validation loss": 1.3881653477163876, "train loss": 1.3877772804516464, "_timestamp": 1668409685.2428997, "_runtime": 4778.346900701523, "_step": 99, "_wandb": {"runtime": 4777}}