{"validation loss": 1.4881238656885483, "train loss": 1.6157113349259788, "_timestamp": 1668415822.1495283, "_runtime": 4711.335169315338, "_step": 99, "_wandb": {"runtime": 4710}}