{"validation loss": 1.3881606073940502, "train loss": 1.3877736507956662, "_timestamp": 1668458813.6848094, "_runtime": 5065.939332485199, "_step": 99, "_wandb": {"runtime": 5064}}