{"validation loss": 1.3880098637412577, "train loss": 1.386305264572599, "_timestamp": 1668431495.7033346, "_runtime": 5253.443574666977, "_step": 99, "_wandb": {"runtime": 5252}}