{"validation loss": 1.5452185728970695, "train loss": 1.5985979108668085, "_timestamp": 1668420713.1122622, "_runtime": 4715.153988361359, "_step": 99, "_wandb": {"runtime": 4714}}