{"validation loss": 1.3887268935932833, "train loss": 1.3868958362892492, "_timestamp": 1668470154.256771, "_runtime": 4674.672411203384, "_step": 99, "_wandb": {"runtime": 4674}}