{"validation loss": 1.2927523430655985, "train loss": 1.2909808941741487, "_timestamp": 1668513268.9958565, "_runtime": 5215.820424556732, "_step": 99, "_wandb": {"runtime": 5215}}