{"validation loss": 1.3889098167419434, "train loss": 1.386302535350506, "_timestamp": 1667847756, "_runtime": 2872, "_step": 49, "_wandb": {"runtime": 2869}}