{"validation loss": 1.2932181007721846, "train loss": 1.2910817078690031, "_timestamp": 1668384436.5260918, "_runtime": 4902.158795833588, "_step": 99, "_wandb": {"runtime": 4901}}