{"validation loss": 1.2946780779782463, "train loss": 1.2922567947586971, "_timestamp": 1668484789.5718343, "_runtime": 4766.2739362716675, "_step": 99, "_wandb": {"runtime": 4765}}