{"validation loss": 1.38834148645401, "train loss": 1.3881822457680335, "_timestamp": 1667855438, "_runtime": 2880, "_step": 49, "_wandb": {"runtime": 2877}}