{"validation loss": 1.3931160043267643, "train loss": 1.3865692455377152, "_timestamp": 1668548945.246266, "_runtime": 4748.889097929001, "_step": 99, "_wandb": {"runtime": 4748}}