{"validation loss": 1.3895338212742525, "train loss": 1.3887785904443086, "_timestamp": 1668372189, "_runtime": 243, "_step": 3}