{"validation loss": 1.3888755185263497, "train loss": 1.3863186836242676, "_timestamp": 1667889431, "_runtime": 2806, "_step": 49, "_wandb": {"runtime": 2804}}