{"validation loss": 1.3876195444780237, "train loss": 1.3872127942184904, "_timestamp": 1668408943.2664168, "_runtime": 4769.781348705292, "_step": 99, "_wandb": {"runtime": 4768}}