{"validation loss": 1.3897601155673756, "train loss": 1.3871383791539207, "_timestamp": 1668554639.209475, "_runtime": 4784.293929100037, "_step": 99, "_wandb": {"runtime": 4783}}