{"validation loss": 1.3876677961910473, "train loss": 1.3872442245483398, "_timestamp": 1668543815.2379465, "_runtime": 4876.594370603561, "_step": 99, "_wandb": {"runtime": 4876}}