{"validation loss": 1.3877547768985523, "train loss": 1.3862997489189035, "_timestamp": 1668429955.1888382, "_runtime": 5009.364981174469, "_step": 99, "_wandb": {"runtime": 5008}}