{"validation loss": 1.3902181386947632, "train loss": 1.386317728170708, "_timestamp": 1668446257.8614814, "_runtime": 4873.531249523163, "_step": 99, "_wandb": {"runtime": 4872}}