{"validation loss": 1.3732930421829224, "train loss": 1.371292317091529, "_timestamp": 1668559917.8634434, "_runtime": 5108.249827384949, "_step": 99, "_wandb": {"runtime": 5107}}