{"validation loss": 1.3895045588998234, "train loss": 1.386312735614492, "_timestamp": 1668414147.59236, "_runtime": 4799.39212012291, "_step": 99, "_wandb": {"runtime": 4798}}