{"validation loss": 1.3433279289918787, "train loss": 1.3392782958585825, "_timestamp": 1668448293.4370632, "_runtime": 5321.331957101822, "_step": 99, "_wandb": {"runtime": 5320}}