{"validation loss": 1.4778048781787647, "train loss": 1.3561427361929594, "_timestamp": 1668472796.50744, "_runtime": 5790.611493110657, "_step": 99, "_wandb": {"runtime": 5789}}