{"validation loss": 1.3380521465750301, "train loss": 1.3132831641097567, "_timestamp": 1668464668.476273, "_runtime": 5424.912614107132, "_step": 99, "_wandb": {"runtime": 5424}}