{"validation loss": 1.388181630302878, "train loss": 1.3878323248962858, "_timestamp": 1668511448.1378756, "_runtime": 38445.42139554024, "_step": 199, "_wandb": {"runtime": 38444}}