{"validation loss": 1.389708112267887, "train loss": 1.3869956180230896, "_timestamp": 1668425958.0511131, "_runtime": 5069.591610193253, "_step": 99, "_wandb": {"runtime": 5068}}