{"validation loss": 1.2992918000501745, "train loss": 1.2903945161335504, "_timestamp": 1668379358.9661932, "_runtime": 4953.7730712890625, "_step": 99, "_wandb": {"runtime": 4953}}