{"validation loss": 1.388964344473446, "train loss": 1.4024174231201856, "_timestamp": 1668373376, "_runtime": 56, "_step": 0, "_wandb": {"runtime": 55}}