{"validation loss": 1.389689094880048, "train loss": 1.3836075654670374, "_timestamp": 1668389476.4550438, "_runtime": 4848.714920759201, "_step": 99, "_wandb": {"runtime": 4848}}