{"validation loss": 1.3888479401083553, "train loss": 1.3874534599816621, "_timestamp": 1668523840.0688357, "_runtime": 5088.111469745636, "_step": 99, "_wandb": {"runtime": 5087}}