{"validation loss": 1.2969291420543896, "train loss": 1.2897910876060599, "_timestamp": 1668379203.05943, "_runtime": 4795.182228803635, "_step": 99, "_wandb": {"runtime": 4793}}