{"validation loss": 1.4069833475000717, "train loss": 1.3874797073762808, "_timestamp": 1668451252.2954552, "_runtime": 4808.143435239792, "_step": 99, "_wandb": {"runtime": 4807}}