{"validation loss": 1.3881719883750467, "train loss": 1.3878263911204551, "_timestamp": 1668441428.4022253, "_runtime": 5872.087111234665, "_step": 99, "_wandb": {"runtime": 5871}}