{"validation loss": 1.3879233177970438, "train loss": 1.3863051222331488, "_timestamp": 1668389092.9574358, "_runtime": 4750.130735874176, "_step": 99, "_wandb": {"runtime": 4749}}