{"validation loss": 1.39766123715569, "train loss": 1.3960855629906725, "_timestamp": 1668373605, "_runtime": 60, "_step": 0, "_wandb": {"runtime": 60}}