{"validation loss": 1.3291141646248954, "train loss": 1.322094235420227, "_timestamp": 1667886212, "_runtime": 2800, "_step": 49, "_wandb": {"runtime": 2782}}