{"validation loss": 1.390426516532898, "train loss": 1.387317472429418, "_timestamp": 1668502509.2902942, "_runtime": 17843.00450515747, "_step": 179, "_wandb": {"runtime": 17842}}