{"validation loss": 1.307755792842192, "train loss": 1.2906278104924445, "_timestamp": 1668502012.0782351, "_runtime": 6234.428426265717, "_step": 99, "_wandb": {"runtime": 6233}}