{"validation loss": 1.389099508523941, "train loss": 1.3880368654544537, "_timestamp": 1667886261, "_runtime": 2837, "_step": 49, "_wandb": {"runtime": 2834}}