{"validation loss": 1.3879739536958582, "train loss": 1.3863286776329153, "_timestamp": 1668470122.901402, "_runtime": 5256.502018928528, "_step": 99, "_wandb": {"runtime": 5255}}