{"validation loss": 1.388193495133344, "train loss": 1.3877942330801665, "_timestamp": 1668528059.11583, "_runtime": 5303.534661054611, "_step": 99, "_wandb": {"runtime": 5303}}