{"validation loss": 1.3881859218373018, "train loss": 1.3877924983181171, "_timestamp": 1668544489.1126792, "_runtime": 4992.041599273682, "_step": 99, "_wandb": {"runtime": 4991}}