{"validation loss": 1.3876071957980884, "train loss": 1.387210933130179, "_timestamp": 1668455078.718974, "_runtime": 4606.835557222366, "_step": 99, "_wandb": {"runtime": 4599}}