{"validation loss": 1.3876808881759644, "train loss": 1.3872385487627628, "_timestamp": 1668484143.1089618, "_runtime": 21633.057631731033, "_step": 99, "_wandb": {"runtime": 21632}}