{"validation loss": 1.3915463826235603, "train loss": 1.3863015210450584, "_timestamp": 1668518547.7665665, "_runtime": 5105.798280477524, "_step": 99, "_wandb": {"runtime": 5105}}