{"validation loss": 1.3881476276061113, "train loss": 1.3877836964023647, "_timestamp": 1668373017, "_runtime": 3315, "_step": 65}